INSERT INTO PESSOA (COD_PESSOA,NOME_PESSOA,CPF,DATA_NASC,MODALIDADE) VALUES
(83035200,'Gabrielle Ribeiro Pinto',97709907792,'1970/01/20',1),
(32180360,'Luís Gomes Dias',57375757720,'1990/12/07',2),
(93542150,'Vitoria Souza Santos',64144725731,'2000/07/21',3),
(23012030,'Erick Almeida Melo',39381810796,'1983/08/11',1),
(59115042,'Maria Almeida Cunha',91650782764,'1947/05/21',4),
(09782020,'Laura Sousa Araujo',15582377719,'1952/04/03',4),
(26040055,'Isabella Ribeiro Azevedo',52387888782,'1996/09/29',1),
(41706730,'Rebeca Ribeiro Castro',12953678743,'1980/03/24',1),
(69045490,'Douglas Silva Castro',84772190791,'1998/02/04',2),
(16401473,'Mariana Rodrigues',41956018786,'2000/04/20',3);

INSERT INTO COLETIVO (COD_COL,COL_LINHA,COL_PARTIDADA,COL_DESTINO) VALUES
(1,501,'T.ITAPARICA','T.JACARAIPE'),
(2,504,'T.ITACIBA','T.LARANJEIRAS'),
(3,535,'T.CAMPO GRANDE','T.CARAPINA'),
(4,572,'T.SAO TORQUATO','T.LARANJEIRAS'),
(5,507,'T.IBES','T.LARANJEIRAS'),
(6,508,'T.ITAPARICA','T.LARANJEIRAS');

INSERT INTO MODALIDADE (COD_MODALIDADE,NOME_MODALIDADE,LIMITE_USO) VALUES
(1,'Comum',6),
(2,'Estudante',6),
(3,'Gratuidade',2),
(4,'Idoso',6);

INSERT INTO HISTORICO_SALDO (COD_SALDO,COD_PESSOA,SALDO,ULT_COMPRA,PROX_COMPRA) VALUES 
(1,83035200,80.00,'2017/04/29','2017/05/30'),
(2,32180360,30.00,'2017/05/10','2017/06/11'),
(3,93542150,null,null,null),
(4,23012030,160.00,'2017/05/30','2017/06/30'),
(5,59115042,null,null,null),
(7,09782020,null,null,null),
(8,26040055,100.00,'2017/05/20','2017/06/22'),
(9,41706730,96.00,'2017/05/15','2017/06/16'),
(10,69045490,50.00,'2017/05/23','2017/06/24'),
(11,16401473,null,null,null);
/*USUARIOS COM GRATUIDADE NAO POSSUEM DADOS DE COMPRA */

INSERT INTO PGT_PASSAGEM (COD_PAGAMENTO,SALDO_ANTERIOR,PAG_DATA,COD_COL,COD_PESSOA) VALUES 
(1,80.00,'2017/05/31',1,83035200),
(2,30.00,'2017/06/01',1,32180360),
(3,null,'2017/05/31',1,09782020),
(4,160.00,'2017/05/29',1,23012030),
(5,null,'2017/04/30',5,16401473);
/*USUARIOS COM GRATUIDADE NAO POSSUEM SALDO PARA DEBITO */


INSERT INTO LOCAL_COLETIVO(COD_LOCALIZACAO,COD_COL,COORDENADAS) VALUES
(10,1,'-20.2035089,-40.2602172'),
(11,1,'-20.2035089,-40.2602172'),
(12,1,'-20.195212,-40.2551532'),
(13,1,'-20.259280, -40.291889'),
(14,5,'-20.268046, -40.299313'),
(15,4,'-20.281361, -40.301695'),
(16,6,'-20.290244, -40.303243'),
(17,2,'-20.296352, -40.300614'),
(18,3,'-20.292860, -40.308886'),
(19,3,'-20.274303, -40.320226');

INSERT INTO CARTAO (CPF,VENCIMENTO,CVV,NOME,NUMERO_CARTAO)
VALUES(36513795232,'02-04-2020',112,'Pedro Paulo Rodrigues',0610155419051077),
(97709907792,'12-22-2022',382,'Gabrielle Ribeiro Pinto',9065714790126062),
(48597212384,'10-15-2017',193,'Anderson Garcia',4341881348576684),
(57375757720,'12-30-2017',816,'Luís Gomes Dias',6495287517824286),
(41320631193,'09-12-2022',932,'Maria dos Anjos',2920813578250385),
(64144725731,'01-01-2021',772,'Vitoria Souza Santos',5552048429554604),
(39381810796,'02-21-2019',532,'Erick Almeida Melo',2327094892021824),
(91650782764,'03-06-2023',612,'Maria Almeida Cunha',9397132177734357),
(51275065133,'06-23-2021',821,'Ana Azevedo',8531799393291275),
(52387888782,'07-12-2018',157,'Isabella Ribeiro Azevedo',3932610136602661),
(04246648283,'08-19-2023',854,'Laura Melo',5002978559093982),
(41956018786,'04-01-2018',532,'Mariana Rodrigues',9837259308835738),
(19692537687,'05-21-2020',428,'Carla Araujo',9124042977023067);

INSERT INTO BANDEIRA(NOME_BANDEIRA)
VALUES('VISA'),
('MASTER CARD'),
('ELO'),
('AMERICAN EXPRESS');
