-- Cria banco e insere dados

CREATE TABLE PGT_PASSAGEM (
cod_pagamento SERIAL PRIMARY KEY,
cod_pessoa SERIAL,
cod_localizacao SERIAL,
saldo_anterior Numeric,
data Date
);

CREATE TABLE PESSOA (
cod_pessoa SERIAL PRIMARY KEY,
cod_modalidade SERIAL,
nome_pessoa varchar(50),
cpf varchar(11),
data_nasc Date
);

CREATE TABLE LOCAL_BUS (
cod_localizacao SERIAL PRIMARY KEY,
cod_coletivo SERIAL,
coordenadas varchar(50)
);

CREATE TABLE COLETIVO (
cod_coletivo SERIAL PRIMARY KEY,
partida varchar(50),
destino varchar(50),
linha varchar(4)
);

CREATE TABLE MODALIDADE (
cod_modalidade SERIAL PRIMARY KEY,
nome_modalidade varchar(50),
limite_uso INT
);

CREATE TABLE HISTORICO_SALDO (
cod_saldo SERIAL PRIMARY KEY,
cod_cartao SERIAL,
cod_pessoa SERIAL,
ultima_compra Date,
lib_prox_compra Date,
saldo Numeric,
FOREIGN KEY(cod_pessoa) REFERENCES PESSOA (cod_pessoa)
);

CREATE TABLE BANDEIRA (
cod_bandeira SERIAL PRIMARY KEY,
nome_bandeira varchar(20)
);

CREATE TABLE CARTAO (
cod_cartao SERIAL PRIMARY KEY,
cod_bandeira SERIAL,
cpf varchar(11),
vencimento Date,
cvv varchar(3),
nome varchar(50),
numero_cartao varchar(16),
FOREIGN KEY(cod_bandeira) REFERENCES BANDEIRA (cod_bandeira)
);

ALTER TABLE PGT_PASSAGEM ADD FOREIGN KEY(cod_pessoa) REFERENCES PESSOA (cod_pessoa);
ALTER TABLE PGT_PASSAGEM ADD FOREIGN KEY(cod_localizacao) REFERENCES LOCAL_BUS (cod_localizacao);
ALTER TABLE PESSOA ADD FOREIGN KEY(cod_modalidade) REFERENCES MODALIDADE (cod_modalidade);
ALTER TABLE LOCAL_BUS ADD FOREIGN KEY(cod_coletivo) REFERENCES COLETIVO (cod_coletivo);
ALTER TABLE HISTORICO_SALDO ADD FOREIGN KEY(cod_cartao) REFERENCES CARTAO (cod_cartao);


INSERT INTO MODALIDADE (COD_MODALIDADE,NOME_MODALIDADE,LIMITE_USO) VALUES
(1,'Comum',6),
(2,'Estudante',6),
(3,'Gratuidade',2),
(4,'Idoso',6);

INSERT INTO PESSOA (NOME_PESSOA, DATA_NASC, CPF, COD_MODALIDADE) VALUES
('Shelly Seel', '1981/08/09', 98937010855, 1),
('Chase Chumley', '1990/07/11',25143534812, 1),
('Hilario Hardee', '1976/04/19',85593702088, 3),
('Audry Athens', '1974/01/25',45936396272, 4),
('Hae Hamann', '2009/01/31',32042117896, 2),
('Rebecca Rufus', '1995/04/10',43603390468, 3),
('Karol Kohls', '2016/12/06',77992027684, 2),
('Ileana Iglesias', '2003/09/02',76177358275, 1),
('Ginger Gross', '1950/10/27',88984410302, 4),
('Carter Cremeans', '1968/06/21',55703340465, 3),
('Remona Rutland', '2004/11/08',30970118123, 4),
('Cecil Chester', '1979/11/27',72589679632, 3),
('Chong Crawshaw', '1996/05/18',35388473307, 2),
('Lakita Larkin', '2005/01/29',29742425660, 1),
('Rolanda Ridout', '1975/10/17',58763220566, 1),
('Annalisa Alaimo', '2016/05/03',63531741944, 3),
('Roxann Ruud', '1972/08/13',69689717811, 1),
('Pauletta Paluch', '2011/02/10',82242440515, 3),
('Haydee Harlin', '1983/03/01',24846931820, 3),
('Julissa Jamerson', '2011/12/22',89076839862, 1),
('Riva Rexroad', '1979/03/20',62240121773, 2),
('Valarie Vanleuven', '1962/09/25',86006630264, 3),
('Chandra Cosner', '1987/05/07',34264871538, 2),
('Demetrius Dunmire', '1970/04/25',76811453898, 3),
('Maggie Melle', '1970/04/21',25380329053, 4),
('Adelina Ashbrook', '2005/12/25',72495421933, 2),
('Cecila Caraveo', '2011/01/27',39189368021, 3),
('Thelma Trent', '1982/03/26',19938821054, 1),
('Marlena Melendez', '2016/03/10',17545569630, 4),
('Olene Oberg', '1952/10/28',45120732297, 3),
('Evette Esker', '1981/03/21',59941747773, 1),
('Cara Cockrell', '2004/04/03',75539371360, 2),
('Jordan Joyal', '1962/02/20',94881965033, 2),
('Marlen Malpass', '1958/08/15',92560409680, 2),
('Argentina Alberto', '1979/07/08',26198786782, 4),
('Nickole Newhart', '1992/09/29',43339577292, 4),
('Jeanine Jurek', '2004/10/30',46349756314, 1),
('Ruthe Rubino', '1975/04/02',93694386885, 4),
('Jewell Janelle', '1962/11/23',65611865708, 2),
('Lorri La', '2007/11/10',47840790223, 1),
('Staci Segundo', '1982/10/23',20790037847, 1),
('Nelson Nishida', '2008/09/03',38264108184, 2),
('Vernia Vanpelt', '1956/01/24',19565426506, 3),
('Tambra Trapani', '2000/11/09',39159637026, 4),
('Katelin Kowal', '1956/10/03',26931568481, 2),
('Lashon Lovelady', '1986/01/16',29856762748, 2),
('Vaughn Vallecillo', '1977/03/24',48301259953, 1),
('Patti Pastorius', '1957/05/17',70431510050, 1),
('Prince Peffer', '1990/12/11',89814186313, 1),
('Francoise Finnegan', '2001/01/24',50315929658, 2),
('Brianna Breese', '1966/11/22',70135211523, 4),
('Lien Loo', '2010/12/30',92128740387, 4),
('Jesusita Joplin', '1991/03/31',79605424794, 2),
('Yevette Yetman', '2010/06/23',37180176972, 4),
('Hunter Hodder', '2015/04/23',31992839779, 3),
('Bao Brotherton', '1984/06/11',96145004399, 1),
('Malia Mcglaughlin', '2015/11/06',51286883914, 4),
('Kurtis Kershaw', '1963/05/01',38251160291, 1),
('Mee Moitoso', '2016/04/17',60990627479, 2),
('Alane Asbury', '2004/07/03',24997524586, 1),
('Marita Minder', '2010/03/18',66186899842, 2),
('Florene Flemming', '2014/06/01',49892817609, 3),
('Ola Ogata', '1986/10/08',19289274854, 2),
('Keneth Kearse', '1973/05/26',53998638249, 3),
('Joey Jurado', '2000/05/10',18836110382, 1),
('Selma Scherr', '1993/08/24',68163198529, 2),
('Calista Caplan', '1994/05/18',76945653137, 3),
('Grayce Getz', '2016/03/05',76748280916, 2),
('Nichole Nottingham', '1952/12/21',15122434810, 1),
('Skye Starkes', '1992/01/03',94380501150, 1),
('Tiara Tapscott', '2017/05/27',69989976625, 1),
('Coleen Craw', '1993/04/20',36798960033, 4),
('Ronda Rayl', '1999/10/14',70222079507, 4),
('Lupe Lague', '1979/07/12',39224866107, 2),
('Martha Muldrow', '1984/02/25',23454757293, 4),
('Marhta Mode', '1987/06/29',70844770570, 4),
('Ai Agee', '1963/09/30',77283091325, 3),
('Tuyet Terrio', '1980/11/06',31977512473, 3),
('Kerry Kellogg', '1952/10/21',11582112957, 4),
('Rebeca Ruppel', '2005/05/03',81286039420, 4),
('Fidela Furst', '1970/05/19',30338037261, 3),
('Rachell Rebelo', '1990/06/22',43998758971, 1),
('Sheri Stober', '1950/06/23',69935958818, 1),
('Mildred Mcalister', '1959/09/02',88521108032, 1),
('Titus Tsui', '1976/11/30',57422379955, 3),
('Joyce Jacques', '1994/02/24',98046498431, 1),
('Madaline Maness', '1983/08/23',86645703675, 4),
('Tiffany Tilton', '2014/07/04',35816890426, 1),
('Coretta Cooter', '1951/09/11',22375105457, 2),
('Davida Deleo', '1960/12/12',17536685711, 1),
('Antoinette Apolinar', '1984/02/14',72507943763, 4),
('Jacqueline Jin', '2016/07/30',82109695247, 1),
('Juliette Jeanbart', '1965/04/09',96298148002, 1),
('Carli Cockrill', '1953/01/21',32347419770, 2),
('Katie Knights', '1980/03/04',62172777517, 2),
('Earlean Earhart', '2016/10/21',10587932246, 4),
('Lavera Laplant', '1983/06/21',32151215819, 2),
('Joana Johnsen', '1981/12/09',70268144543, 1),
('Josefa Joe', '1971/11/20',91141257662, 2),
('Chau Chavarria', '1981/04/10',93408231404, 2);

INSERT INTO BANDEIRA(NOME_BANDEIRA) VALUES
('VISA'),
('MASTER CARD'),
('ELO'),
('AMERICAN EXPRESS');

INSERT INTO CARTAO (NOME, VENCIMENTO, CPF, CVV, NUMERO_CARTAO, COD_BANDEIRA) VALUES
('Shelly Seel', '2023/10/09', 34869133815, 270, 9020268662597085, 4),
('Chase Chumley', '2019/11/17',99232830661, 185, 4414579794808984, 1),
('Hilario Hardee', '2019/05/25',43601278407, 934, 8471331687243956, 2),
('Audry Athens', '2025/05/29',64771201451, 517, 2590946623452452, 4),
('Hae Hamann', '2019/07/23',76802651776, 489, 8471331687243956, 2),
('Rebecca Rufus', '2019/05/21',41666816180, 871, 2590946623452452, 1),
('Karol Kohls', '2020/06/26',63958172488, 470, 4274899986893022, 2),
('Ileana Iglesias', '2023/04/23',89368359779, 252, 3399686146597811, 2),
('Ginger Gross', '2017/03/15',18897883733, 937, 8181922521297803, 1),
('Carter Cremeans', '2019/08/16',13390655592, 523, 3127916382983986, 3),
('Remona Rutland', '2024/08/26',12919561912, 783, 2198806785521199, 3),
('Cecil Chester', '2018/10/09',78650353063, 427, 2343897868804419, 2),
('Chong Crawshaw', '2020/07/30',96392923580, 169, 1283425054336381, 3),
('Lakita Larkin', '2017/01/31',75854186626, 917, 8471331687243956, 3),
('Rolanda Ridout', '2018/08/24',42683102952, 495, 6559638877652037, 4),
('Annalisa Alaimo', '2024/02/04',43543464014, 308, 9720789394230002, 3),
('Roxann Ruud', '2020/07/28',18089207738, 762, 5370033964233861, 3),
('Pauletta Paluch', '2019/02/01',49911969302, 112, 8596529166036912, 2),
('Haydee Harlin', '2025/03/22',65124190481, 130, 4001063654233185, 2),
('Julissa Jamerson', '2025/06/21',13961742337, 780, 4740702096269762, 3),
('Riva Rexroad', '2017/10/26',63445562216, 412, 8754837034032978, 4),
('Valarie Vanleuven', '2017/03/05',65850417358, 210, 8471331687243956, 2),
('Chandra Cosner', '2018/05/01',53443689687, 230, 7770906119627068, 4),
('Demetrius Dunmire', '2019/12/21',44354320939, 333, 7288088524150385, 4),
('Maggie Melle', '2019/11/05',65548158991, 713, 6293019468072619, 3),
('Adelina Ashbrook', '2021/08/27',72694211976, 240, 7754479524603442, 2),
('Cecila Caraveo', '2024/08/01',83146906345, 235, 8471331687243956, 1),
('Thelma Trent', '2020/09/30',67047190323, 525, 1614261053661063, 1),
('Marlena Melendez', '2020/10/05',16332419886, 461, 2090649851990855, 1),
('Olene Oberg', '2018/03/25',38932209539, 440, 8549607505896786, 4),
('Evette Esker', '2025/04/30',75980829811, 287, 6713722168575279, 4),
('Cara Cockrell', '2023/12/20',39372192832, 488, 7214006131510834, 4),
('Jordan Joyal', '2018/05/08',74700453940, 344, 4501454341196174, 4),
('Marlen Malpass', '2017/10/25',69898766823, 510, 1755011954853897, 1),
('Argentina Alberto', '2023/05/31',90505486051, 578, 6796484095708141, 1),
('Nickole Newhart', '2022/07/06',40702889623, 128, 6045282315791566, 3),
('Jeanine Jurek', '2018/06/29',96507769482, 651, 8471331687243956, 2),
('Ruthe Rubino', '2022/08/11',76704541238, 380, 1571592635131337, 2),
('Jewell Janelle', '2017/12/24',62086583349, 266, 1571592635131337, 2),
('Lorri La', '2022/08/29',77206477019, 551, 7259251008637792, 3),
('Staci Segundo', '2022/09/19',77785487082, 618, 9474173181546614, 3),
('Nelson Nishida', '2020/04/19',67831619327, 584, 1262427307869777, 3),
('Vernia Vanpelt', '2022/12/29',63270413742, 603, 2686436254749818, 2),
('Tambra Trapani', '2024/05/05',75372834335, 497, 1571592635131337, 1),
('Katelin Kowal', '2017/06/01',49019438836, 913, 9484268535030557, 1),
('Lashon Lovelady', '2019/07/16',97290960371, 854, 6529541960999969, 1),
('Vaughn Vallecillo', '2021/04/16',62738392466, 325, 2686436254749818, 4),
('Patti Pastorius', '2019/03/18',90196248057, 337, 6529541960999969, 1),
('Prince Peffer', '2021/12/22',68825056652, 185, 2941761375687633, 4),
('Francoise Finnegan', '2021/11/29',52585860490, 999, 6091895367451437, 2),
('Brianna Breese', '2017/10/29',87337335102, 346, 6512131522174236, 3),
('Lien Loo', '2018/02/26',20262315735, 199, 4734729925122486, 1),
('Jesusita Joplin', '2023/06/30',29937072707, 418, 6569352070442272, 4),
('Yevette Yetman', '2017/11/28',21633382975, 498, 5596577398216924, 2),
('Hunter Hodder', '2024/03/02',77042991457, 471, 6655222528791171, 3),
('Bao Brotherton', '2017/02/05',79932005957, 393, 8879506465678819, 3),
('Malia Mcglaughlin', '2018/10/07',49075604739, 302, 2594398428582852, 3),
('Kurtis Kershaw', '2023/10/26',50266346131, 313, 2594398428582852, 1),
('Mee Moitoso', '2022/09/17',47138130367, 146, 5678073963620923, 3),
('Alane Asbury', '2019/02/22',98316746897, 617, 9779990383938927, 3),
('Marita Minder', '2024/05/21',44955303296, 619, 9994340828378359, 4),
('Florene Flemming', '2020/11/21',80971695637, 840, 3179280696545877, 2),
('Ola Ogata', '2020/09/30',35372823304, 103, 1877862290993319, 1),
('Keneth Kearse', '2024/08/24',85802936666, 602, 9711426509043353, 3),
('Joey Jurado', '2023/07/24',85471787653, 546, 4075110462227912, 4),
('Selma Scherr', '2023/02/23',89116813863, 411, 4075110462227912, 1),
('Calista Caplan', '2022/11/23',34423383472, 724, 9711426509043353, 4),
('Grayce Getz', '2019/02/09',51511174969, 160, 9711426509043353, 4),
('Nichole Nottingham', '2022/09/14',45929685578, 686, 1663378689823074, 1),
('Skye Starkes', '2020/12/02',55073462523, 692, 6869470191958349, 4),
('Tiara Tapscott', '2023/03/08',81577769487, 602, 6869470191958349, 3),
('Coleen Craw', '2019/11/08',59264987408, 842, 5875701954635441, 3),
('Ronda Rayl', '2022/01/28',35069203471, 956, 6783915153979487, 3),
('Lupe Lague', '2022/03/08',59369793285, 580, 6783915153979487, 2),
('Martha Muldrow', '2024/11/21',78249070277, 697, 6528709159708793, 1),
('Marhta Mode', '2022/07/23',95395767771, 216, 8646985799461293, 4),
('Ai Agee', '2024/12/13',34603158802, 654, 3274300270458231, 2),
('Tuyet Terrio', '2021/05/11',33284099558, 626, 9291051657646416, 4),
('Kerry Kellogg', '2020/12/31',81655017557, 446, 2357435189219985, 2),
('Rebeca Ruppel', '2021/01/05',59025098675, 873, 3274300270458231, 2),
('Fidela Furst', '2018/02/14',50994066491, 397, 9261044161713479, 2),
('Rachell Rebelo', '2022/07/03',49139591582, 743, 5344901267328436, 2),
('Sheri Stober', '2023/08/20',69800306662, 461, 5830514037014584, 4),
('Mildred Mcalister', '2023/03/05',14342600556, 801, 4976168409204721, 2),
('Titus Tsui', '2019/07/12',85280888432, 828, 3141514340100572, 1),
('Joyce Jacques', '2021/04/27',92967777962, 678, 8622186023164581, 2),
('Madaline Maness', '2017/06/24',98759860461, 497, 8101916089170162, 2),
('Tiffany Tilton', '2019/03/19',34836866602, 467, 8419342617256613, 3),
('Coretta Cooter', '2020/12/18',37907657491, 938, 2771268771614095, 4),
('Davida Deleo', '2017/10/28',47178688041, 295, 7955958551403805, 1),
('Antoinette Apolinar', '2019/01/05',58184914415, 955, 9018264540347264, 3),
('Jacqueline Jin', '2020/09/18',41439036998, 968, 3159475675876997, 2),
('Juliette Jeanbart', '2019/09/14',40711280047, 602, 4996994249939376, 1),
('Carli Cockrill', '2021/06/03',92409376091, 800, 4278155727990054, 1),
('Katie Knights', '2017/11/22',86940260798, 380, 9153368387473193, 3),
('Earlean Earhart', '2023/09/23',20102983575, 989, 2969443013624607, 1),
('Lavera Laplant', '2017/10/28',27493356299, 396, 3447026065077988, 3),
('Joana Johnsen', '2017/08/16',85817851191, 792, 2929118078215623, 1),
('Josefa Joe', '2018/11/23',35829671810, 391, 4540117794504088, 3),
('Chau Chavarria', '2020/08/28',79473048353, 366, 9876775524369122, 2);

INSERT INTO HISTORICO_SALDO (COD_PESSOA, SALDO, ULTIMA_COMPRA, LIB_PROX_COMPRA) VALUES 
(1, 213.74, '2017/05/01', '2017/07/24'),
(2, 282.13, '2017/05/18', '2017/08/20'),
(3, 125.20, '2017/05/19', '2017/08/16'),
(4, 58.65, '2017/05/30', '2017/07/25'),
(6, 202.14, '2017/05/20', '2017/08/19'),
(8, 268.72, '2017/05/28', '2017/08/30'),
(9, 189.42, '2017/05/18', '2017/07/29'),
(10, 64.94, '2017/05/20', '2017/08/26'),
(11, 120.47, '2017/05/16', '2017/08/25'),
(12, 42891, '2017/05/14', '2017/07/22'),
(14, 64.58, '2017/05/08', '2017/08/12'),
(15, 223.50, '2017/05/17', '2017/07/04'),
(16, 266.12, '2017/05/18', '2017/07/06'),
(17, 30.88, '2017/05/12', '2017/08/21'),
(18, 118.03, '2017/05/18', '2017/08/24'),
(19, 75.63, '2017/05/08', '2017/08/19'),
(20, 176.76, '2017/05/06', '2017/08/27'),
(22, 63.81, '2017/05/26', '2017/07/22'),
(24, 72.93, '2017/05/02', '2017/08/21'),
(25, 92.45, '2017/05/02', '2017/08/01'),
(27, 205.94, '2017/05/05', '2017/08/06'),
(28, 27.97, '2017/05/01', '2017/07/18'),
(29, 282.84, '2017/05/09', '2017/08/25'),
(30, 199.17, '2017/05/01', '2017/07/07'),
(31, 226.94, '2017/05/18', '2017/07/26'),
(35, 217.02, '2017/05/21', '2017/07/06'),
(36, 109.76, '2017/05/05', '2017/07/22'),
(37, 173.17, '2017/05/10', '2017/07/08'),
(38, 213.93, '2017/05/23', '2017/07/03'),
(40, 92.91, '2017/05/26', '2017/08/02'),
(41, 262.15, '2017/05/28', '2017/08/10'),
(43, 265.36, '2017/05/23', '2017/08/21'),
(44, 299.26, '2017/05/10', '2017/08/30'),
(47, 105.09, '2017/05/07', '2017/07/03'),
(48, 142.75, '2017/05/09', '2017/07/18'),
(49, 164.80, '2017/05/04', '2017/08/05'),
(51, 100.75, '2017/05/28', '2017/07/17'),
(52, 193.18, '2017/05/20', '2017/07/18'),
(54, 237.05, '2017/05/17', '2017/07/22'),
(55, 184.40, '2017/05/01', '2017/08/07'),
(56, 172.01, '2017/05/19', '2017/08/21'),
(57, 81.21, '2017/05/18', '2017/08/04'),
(58, 140.80, '2017/05/10', '2017/07/03'),
(60, 248.27, '2017/05/30', '2017/07/10'),
(62, 119.25, '2017/05/23', '2017/07/30'),
(64, 290.82, '2017/05/16', '2017/08/04'),
(65, 293.06, '2017/05/11', '2017/07/07'),
(67, 117.11, '2017/05/07', '2017/08/29'),
(69, 286.19, '2017/05/16', '2017/08/13'),
(70, 126.34, '2017/05/09', '2017/07/12'),
(71, 264.43, '2017/05/05', '2017/08/12'),
(72, 169.54, '2017/05/11', '2017/07/03'),
(73, 204.91, '2017/05/21', '2017/08/20'),
(75, 129.43, '2017/05/10', '2017/08/17'),
(76, 24.59, '2017/05/07', '2017/08/07'),
(77, 23.39, '2017/05/06', '2017/08/29'),
(78, 256.86, '2017/05/08', '2017/08/17'),
(79, 273.60, '2017/05/09', '2017/07/05'),
(80, 191.32, '2017/05/03', '2017/07/18'),
(81, 185.35, '2017/05/13', '2017/08/20'),
(82, 197.30, '2017/05/16', '2017/08/16'),
(83, 48.04, '2017/05/22', '2017/07/09'),
(84, 26.54, '2017/05/02', '2017/08/15'),
(85, 237.42, '2017/05/06', '2017/07/14'),
(86, 242.90, '2017/05/15', '2017/07/30'),
(87, 8.47, '2017/05/22', '2017/07/28'),
(88, 132.16, '2017/05/11', '2017/08/01'),
(90, 113.10, '2017/05/13', '2017/07/29'),
(91, 299.27, '2017/05/27', '2017/08/15'),
(92, 209.92, '2017/05/21', '2017/08/20'),
(93, 67.64, '2017/05/03', '2017/07/22'),
(96, 230.27, '2017/05/26', '2017/08/30'),
(98, 218.66, '2017/05/14', '2017/08/11');

INSERT INTO COLETIVO (LINHA, PARTIDA, DESTINO) VALUES
(1603, 'ITAPARICA', 'RODOVIÁRIA'),
(1608, 'ARAÇAS', 'RODOVIARIA'),
(1609, 'ARAÇAS', 'AEROPORTO'),
(1610, 'ARAÇAS', 'JARDIM CAMBURI'),
(1720, 'CARIACICA', 'SHOPPING VITÓRIA'),
(1721, 'SHOPPING MOXUARA', 'U.V.V.'),
(1801, 'JACARAIPE', 'RODOVIÁRIA'),
(1802, 'SERRA', 'RODOVIÁRIA VIA SHOPPING'),
(1804, 'S. DOURADA III', 'RODOVIÁRIA'),
(1805, 'PRAIA GRANDE', 'RODOVIARIA'),
(1806, 'NOVA ALMEIDA', 'RODOVIÁRIA'),
(1808, 'CASTELÂNDIA', 'RODOVIÁRIA VIA FEU ROSA'),
(1900, 'M. NORONHA', 'J. CAMBURI'),
(1901, 'M. NORONHA', 'P. COSTA'),
(1902, 'MARCILIO DE NORONHA', 'PRAIA DA COSTA'),
(1903, 'VIANA', 'JARDIM CAMBURI'),
(400, 'VILA VELHA', 'PRAIA SANTA HELENA'),
(500, 'T. VILA VELHA', 'T. ITACIBÁ VIA 3ª PONTE'),
(501, 'T. JACARAIPE', 'T. ITAPARICA VIA T. CARAPINA'),
(503, 'T. LARANJEIRAS', 'T. VILA VELHA VIA RETA DA PENHA'),
(504, 'T. JACARAIPE', 'T. ITACIBÁ VIA RETA DA PENHA'),
(505, 'T. LARANJEIRAS', 'T. ITACIBÁ VIA CAMBURI'),
(506, 'T. LARANJEIRAS', 'T. ITACIBÁ VIA MARUIPE'),
(507, 'T. LARANJEIRAS', 'T. IBES VIA 3ª PONTE'),
(508, 'T. LARANJEIRAS', 'T. ITAPARICA VIA T. VILA  VELHA'),
(509, 'T. CARAPINA', 'T. CAMPO GRANDE VIA T.J.AMÉRICA'),
(510, 'T. CARAPINA', 'T. VILA VELHA VIA 3º PONTE'),
(511, 'T.CARAPINA', 'T. CAMPO GRANDE VIA EXPEDITO GARCIA'),
(512, 'T. CARAPINA', 'T. ITACIBÁ VIA CAMBURI'),
(514, 'T. IBES', 'T. VILA VELHA VIA 3ª PONTE'),
(515, 'T. LARANJEIRAS', 'T. CAMPO GRANDE VIA BEIRA MAR'),
(516, 'T. JACARAIPE', 'T. IBES VIA T. CARAPINA'),
(517, 'T. LARANJEIRAS', 'RODOVIÁRIA'),
(518, 'T. CARAPINA', 'T. IBES VIA SERAFIM DERENZI'),
(519, 'T. CARAPINA', 'T. IBES VIA AV. VITÓRIA'),
(520, 'T. CARAPINA', 'T. VILA VELHA VIA RETA DA PENHA'),
(521, 'HOTEL CANTO DO SOL', 'T.CARAPINA VIA AV NORTE SUL'),
(522, 'TERMINAL JARDIM AMÉRICA', 'SHOPPING VITÓRIA VIA T.SÃO TORQUATRO'),
(523, 'T. JACARAIPE', 'T. JARDIM AMÉRICA VIA BEIRA MAR'),
(524, 'T. CAMPO GRANDE', 'PRAÇA DO EUCALIPTO VIA MARECHAL CAMPOS'),
(525, 'T. VILA VELHA', 'T. ITACIBÁ VIA LINDENBERG'),
(526, 'T. CAMPO GRANDE', 'T. VILA VELHA VIA VASCO DA GAMA'),
(527, 'T. CARAPINA', 'T. JARDIM AMÉRICA VIA RETA DA PENHA'),
(528, 'T. LARANJEIRAS', 'SHOPPING VITÓRIA VIA CAMBURI'),
(529, 'T.J.AMÉRICA', 'PÇ EUCALIPITO'),
(530, 'T. CAMPO GRANDE', 'PRAÇA DO EUCALIPTO VIA MAL. CAMPOS'),
(531, 'T .CAMPO GRANDE', 'T. VILA VELHA  VIA MARUÍPE'),
(532, 'T. ITAPARICA', 'PRAÇA EUCALIPTO  VIA T. VILA VELHA'),
(533, 'T. CAMPO GRANDE', 'T. VILA VELHA VIA CENTRO V. VELHA'),
(534, 'SERRA', 'T. CAMPO GRANDE VIA BR101'),
(535, 'T. CARAPINA', 'T. CAMPO GRANDE  VIA T. JARDIM AMÉRICA'),
(536, 'T. CAMPO GRANDE', 'T. VILA VELHA VIA MARUIPE'),
(540, 'T. CAMPO GRANDE', 'T. CARAPINA VIA BR101'),
(542, 'T. JACARAIPE', 'SHOPPING VITÓRIA VIA CAMBURI'),
(543, 'T. JACARAIPE', 'T. ITACIBÁ VIA RETA DA PENHA'),
(544, 'HOTEL CANTO DO SOL', 'T. LARANJEIRAS VIA AV NORTE SUL'),
(551, 'T. JACARAIPE', 'T. ITAPARICA VIA T. CARAPINA'),
(555, 'T. ITAPARICA', 'PRAÇA DE GOIABEIRAS VIA 3ª PONTE'),
(557, 'T. ITAPARICA', 'VITÓRIA VIA DARLYSANTOS'),
(558, 'T. ITAPARICA', 'VITÓRIA  VIA 3ª PONTE'),
(559, 'T. LARANJEIRAS', 'T. SÃO TORQUATO VIA T. CARAPINA'),
(560, 'T. LARANJEIRAS', 'T. ITAPARICA VIA CAMBURI'),
(561, 'T. JACARAIPE', 'T. CAMPO GRANDE VIA DANTE MICHELINI'),
(562, 'T. LARANJEIRAS', 'T. CAMPO GRANDE VIA RETA DA PENHA'),
(563, 'T. CARAPINA', 'T. VILA VELHA VIA B. REPÚBLICA'),
(567, 'T. CARAPINA', 'T. VILA VELHA VIA T. S. TORQUATO'),
(568, 'T. CARAPINA', 'T. VILA VELHA VIA T. S. TORQUATO'),
(570, 'T. JARDIM AMÉRICA', 'SHOPPING VITORIA VIA BEIRA MAR'),
(571, 'T. JARDIM AMÉRICA', 'PRAÇA DE EUCALIPTO VIA MARECHAL CAMPOS'),
(572, 'T. LARANJEIRAS', 'T. SÃO TORQUATO VIA CAMBURI'),
(573, 'T. CARAPINA', 'T. SÃO TORQUATO VIA RETA DA PENHA'),
(574, 'T. SÃO TORQUATO', 'SHOPPING VITÓRIA VIA BEIRA MAR'),
(575, 'T. SÃO TORQUATO', 'PRAÇA DE EUCALIPTO VIA MARECHAL CAMPOS'),
(579, 'VILA MERLO', 'T. CARAPINA VIA RUA 2 IGREJAS'),
(580, 'PADRE GABRIEL', 'T. IBES VIA JARDIM PALMARES'),
(581, 'T. ITAPARICA', 'BELA VISTA VIA CASTELO BRANCO'),
(582, 'PADRE GABRIEL', 'T. ITAPARICA VIA CASTELO BRANCO'),
(583, 'NOVA ROSA DA PENHA', 'T. CARAPINA VIA CONTORNO'),
(585, 'JARDIM BOTÂNICO', 'T. ITAPARICA VIA VALE ENCANTADO'),
(586, 'VISTA LINDA', 'T. IBES VIA COBILANDIA'),
(587, 'PORTO DE SANTANA', 'T.CARAPINA'),
(588, 'T. CAMPO GRANDE', 'T. ITAPARICA  VIA ITAPEMIRIM'),
(590, 'BANDEIRANTES', 'T. IBES VIA JARDIM MARILÂNDIA'),
(591, 'SERRA', 'T. CAMPO GRANDE VIA RETA DA PENHA'),
(592, 'T. IBES', 'ALZIRA RAMOS VIA JARDIM DE HALÁ'),
(593, 'VISTA LINDA', 'T. ITAPARICA VIA BAIRRO LIBERDADE'),
(594, 'VILA MERLO', 'T. CARAPINA VIA MORRINHOS'),
(595, 'ALICE COUTINHO', 'T. CARAPINA VIA A. F. BORGES'),
(596, 'CARIACICA', 'T. CARAPINA VIA ROD. JOSE SETTE'),
(597, 'ANDRE CARLONI', 'T. SÃO TORQUATO VIA RETA DA PENHA'),
(598, 'VILA PROGRESSO', 'T. CARAPINA VIA NOVA ESPERANÇA'),
(599, 'SANTO ANTONIO', 'T. CARAPINA VIA CAMPO VERDE'),
(600, 'T. ITAPARICA', 'T. IBES VIA ARAÇAS'),
(601, 'T. IBES', 'SANTOS DUMONT'),
(603, 'T. ITAPARICA', 'T. IBES VIA COLORADO'),
(604, 'T. IBES', 'T. SÃO TORQUATO VIA SANTA RITA'),
(605, 'T. VILA VELHA', 'T. IBES  VIA C.ITAPARICA'),
(606, 'T. VILA VELHA', 'T. IBES VIA C.ITAPARICA'),
(607, 'T. IBES', 'GLÓRIA'),
(608, 'T. IBES', 'BOA VISTA VIA SOTECO'),
(609, 'T. ITAPARICA', 'BARRA DO JUCU'),
(610, 'T. ITAPARICA', 'T. VILA VELHA VIA JÓQUEI DE ITAPARICA'),
(611, 'T. ITAPARICA', 'PRAIA DA COSTA VIA ITAPOÃ'),
(612, 'PARQUE RESIDENCIAL TERRA VERMELHA', 'T. ITAPARICA VIA ULISSES GUIMARAES'),
(613, 'PONTA DA FRUTA', 'T. ITAPARICA VIA ROD. DO SOL'),
(614, 'T.ITAPARICA', 'T.J.AMÉRICA VIA COBILÂNDIA'),
(615, 'T. VILA VELHA', 'PRAIA DE ITAPOÃ'),
(616, 'T. ITAPARICA', 'MORADA DA BARRA VIA BARRAMARES'),
(617, 'T. ITAPARICA', 'JOÃO GOULART VIA  AV. CALIFÓRNIA'),
(618, 'T. ITAPARICA', 'SÃO CONRADO'),
(619, 'T. ITAPARICA', 'BALNEÁRIO DE PONTA DA FRUTA'),
(621, 'T. SÃO TORQUATO', 'ILHA DAS FLORES VIA PAUL'),
(624, 'T. ITAPARICA', 'T. SÃO TORQUATO VIA RIO MARINHO'),
(625, 'T. IBES', 'T. SÃO TORQUATO VIA ATAÍDE'),
(626, 'T. ITAPARICA', 'T. SÃO TORQUATO VIA VALE ENCANTADO'),
(627, 'T. SÃO TORQUATO', 'SAGRADA FAMÍLIA VIA ARGOLAS'),
(630, 'RIO MARINHO', 'T. SÃO TORQUATO VIA LINDENBERG'),
(631, 'T. SÃO TORQUATO', '1º MAIO VIA SANTA RITA'),
(633, 'T. IBES', 'T. SÃO TORQUATO VIA PLANALTO'),
(634, 'T. VILA VELHA', 'TERRA VERMELHA VIA C. ITAPARICA'),
(635, 'T. VILA VELHA', 'PRAINHA'),
(636, 'T. VILA VELHA', 'T. ITAPARICA'),
(650, 'T. VILA VELHA', 'T. IBES VIA PRAIA DE  ITAPOÃ'),
(651, 'T. VILA VELHA', 'PRAIA DA COSTA'),
(652, 'T. ITAPARICA', 'DARLY SANTOS VIA PRAIA DAS GARÇAS'),
(653, 'BAIRRO NORMÍLIA', 'T. ITAPARICA VIA ULISSES GUIMARÃES'),
(654, 'LAGOA JABAETÉ', 'T. ITAPARICA VIA AV. AMARAL PEIXOTO'),
(655, 'T. ITAPARICA', 'SANTA PAULA'),
(656, 'T. ITAPARICA', 'T. VILA VELHA'),
(657, 'XURI', 'T. ITAPARICA VIA BARRAMARES'),
(658, 'T. IBES', 'T. SÃO TORQUATO VIA ARIBIRI'),
(659, 'T. ITAPARICA', 'RETIRO DO CONGO'),
(660, 'T. ITAPARICA', 'T. SÃO TORQUATO VIA VILA GARRIDO'),
(661, 'T. ITAPARICA', 'PRAÇA VILA VELHA'),
(662, 'T.  VILA VELHA', 'PRAIA DA COSTA VIA CREFES'),
(663, 'T. SÃO TORQUATO', 'PEDRA DOS BÚZIOS'),
(664, 'T. SÃO TORQUATO', 'P. DA COSTA VIA T. V. VELHA'),
(665, 'T. VILA VELHA', 'T. SÃO TORQUATO VIA SANTOS DUMONT'),
(667, 'T. VILA VELHA', 'T. SÃO TORQUATO VIA COBILÂNDIA'),
(668, 'T. VILA VELHA', 'PONTA DA FRUTA VIA ROD. DO SOL'),
(669, 'VILLAGE DO SOL', 'T. ITAPARICA VIA ROD. DO SOL'),
(671, 'T. SÃO TORQUATO', 'VILA GARRIDO'),
(672, 'TREVO DE SETIBA', 'T. ITAPARICA'),
(700, 'T. CAMPO GRANDE', 'T. ITACIBÁ VIA CAMPO GRANDE'),
(701, 'ANTÔNIO FERREIRA BORGES', 'T. ITACIBÁ VIA LIMÃO'),
(702, 'VILA MERLO', 'T. ITACIBÁ  VIA CARIACICA'),
(703, 'PORTO BELO', 'T. ITACIBÁ VIA JOSE SETTE'),
(704, 'FLEXAL II', 'T. ITACIBÁ VIA TABAJARA'),
(705, 'NOVA BRASÍLIA', 'T. ITACIBÁ'),
(706, 'RIO BRANCO', 'T. ITACIBÁ VIA ORIENTE'),
(707, 'NOVA CANAÃ', 'T. ITACIBÁ'),
(708, 'PORTO NOVO', 'T. ITACIBÁ VIA PORTO DE SANTANA'),
(709, 'TERMINAL DE JARDIM AMÉRICA', 'SANTA PAULA'),
(710, 'SANTA ROSA', 'T. ITACIBÁ VIA VILA GRAUNA'),
(711, 'NOVA VALVERDE', 'T. ITACIBÁ VIA SANTANA'),
(712, 'T. ITACIBÁ', 'HEAC VIA JOSE SETTE'),
(714, 'T. CAMPO GRANDE', 'CAMPO BELO'),
(715, 'JARDIM CAMPO GRANDE', 'T. CAMPO GRANDE'),
(716, 'PADRE GABRIEL', 'T. CAMPO GRANDE  VIA CAMPO NOVO'),
(718, 'CAÇAROCA', 'T. CAMPO GRANDE'),
(719, 'T. CAMPO GRANDE', 'JARDIM DE HALÁ VIA A. RAMOS'),
(720, 'SANTA BARBARA', 'T. CAMPO GRANDE VIA VILA NOVA'),
(721, 'T. CAMPO GRANDE', 'SÃO FRANCISCO CIRCULAR'),
(723, 'SANTA CECÍLIA', 'T. CAMPO GRANDE'),
(724, 'NOVO BRASIL', 'T. CAMPO GRANDE VIA CEASA'),
(725, 'T. CAMPO GRANDE', 'VALE DOS REIS VIA PIRANEMA'),
(726, 'NOVA CAMPO GRANDE', 'T. CAMPO GRANDE VIA CEASA'),
(727, 'BUBU', 'T. CAMPO GRANDE VIA VILA CAPIXABA'),
(728, 'NOVA ROSA DA PENHA', 'T. CAMPO GRANDE VIA CEASA'),
(729, 'T. CAMPO GRANDE', 'ALTO BOA VISTA VIA EXPEDITO GARCIA'),
(730, 'BAIRRO EXPEDITO', 'T. JARDIM AMÉRICA VIA ALTO LAGE'),
(731, 'T. CAMPO GRANDE', 'T. JARDIM AMÉRICA VIA VALE ESPERANÇA'),
(732, 'CAÇAROCA', 'T. JARDIM AMÉRICA VIA AV. FERNANDO ANTÔNIO'),
(733, 'T. JARDIM AMÉRICA', 'JARDIM DE HALÁ VIA ALZIRA RAMOS'),
(734, 'CASTELO BRANCO', 'T. JARDIM AMÉRICA'),
(735, 'T. SÃO TORQUATO', 'CARIACICA VIA PROLAR'),
(736, 'T. JARDIM AMÉRICA', 'SÃO CONRADO'),
(737, 'NOVA CANAÃ', 'HOSPITAL SÃO LUCAS VIA PORTO VELHO'),
(738, 'ROSA DA PENHA', 'T. JARDIM AMÉRICA'),
(739, 'T. JARDIM AMÉRICA', 'ALTO BOA VISTA VIA SOTEMA'),
(740, 'VISTA MAR', 'T. JARDIM AMÉRICA'),
(741, 'BANDEIRANTES', 'T. JARDIM AMÉRICA VIA BELA AURORA'),
(742, 'T. CAMPO GRANDE', 'T. SÃO TORQUATO VIA EXPEDITO GARCIA'),
(743, 'FLEXAL II', 'T. SÃO TORQUATO VIA PORTO VELHO'),
(744, 'NOVA CANAÃ', 'T. SÃO TORQUATO VIA PORTO VELHO'),
(746, 'BAIRRO APARECIDA', 'T. SÃO TORQUATO VIA PORTO VELHO'),
(748, 'SÃO GERALDO', 'T. JARDIM AMÉRICA'),
(750, 'VILA PRUDENCIO', 'T. ITACIBÁ'),
(751, 'IBIAPABA', 'T. ITACIBÁ VIA VILA MERLO'),
(753, 'RODA D`ÁGUA', 'T. ITACIBÁ VIA BR 262'),
(756, 'PADRE GABRIEL', 'T. JARDIM AMÉRICA  VIA CASTELO BRANCO'),
(757, 'T. CAMPO GRANDE', 'NOVO HORIZONTE'),
(759, 'FLEXAL II', 'HOSPITAL SÃO LUCAS VIA PORTO VELHO'),
(760, 'NOVA ESPERANÇA', 'T. ITACIBÁ'),
(761, 'PRESIDENTE MÉDICI', 'T. SÃO TORQUATO VIA PORTO VELHO'),
(764, 'T. CAMPO GRANDE', 'CAMPINA GRANDE VIA COLINA'),
(766, 'VILA CAJUEIRO', 'T. CAMPO GRANDE VIA PADRE MATHIAS'),
(768, 'PROLAR', 'T. ITACIBÁ VIA PORTO DE CARIACICA'),
(769, 'BAIRRO APARECIDA', 'T. ITACIBÁ'),
(770, 'BELA VISTA', 'T. SÃO TORQUATO VIA PORTO VELHO'),
(771, 'PORTO DE CARIACICA', 'T. ITACIBÁ'),
(773, 'T. SÃO TORQUATO', 'MORRO DO SESI VIA PORTO VELHO'),
(774, 'T. SÃO TORQUATO', 'NOVA ROSA DA PENHA VIA BUBU'),
(775, 'T. SÃO TORQUATO', 'JARDIM BOTÂNICO VIA CASTELO BRANCO'),
(776, 'T. SÃO TORQUATO', 'FLEXAL II VIA PORTO VELHO'),
(777, 'T. SÃO TORQUATO', 'NOVO BRASIL VIA M. DE NORONHA'),
(778, 'T. CAMPO GRANDE', 'PARQUE GRAMADO'),
(779, 'T. CAMPO GRANDE', 'SÃO GERALDO VIA EXPEDITO GARCIA'),
(781, 'T. CAMPO GRANDE', 'T. ITACIBÁ VIA BR 262'),
(783, 'NOVA ROSA DA PENHA', 'T. ITACIBÁ'),
(784, 'VILA MERLO', 'T. J. AMERICA'),
(785, 'DUAS BOCAS', 'T. CAMPO GRANDE VIA ITACIBÁ'),
(787, 'SANTO ANTONIO', 'T. JARDIM AMÉRICA'),
(789, 'SABÃO', 'T. CAMPO GRANDE VIA CACHOEIRINHA'),
(792, 'NOVO BRASIL', 'T. CAMPO GRANDE'),
(793, 'VILA PROGRESSO', 'T. CAMPO GRANDE VIA NOVA ESPERANÇA'),
(794, 'SANTA LUZIA', 'T. ITACIBÁ'),
(795, 'ALICE COUTINHO', 'T. ITACIBÁ'),
(796, 'MUNGUBA', 'T. CAMPO GRANDE VIA COACAS'),
(797, 'VILA MERLO', 'T. ITACIBÁ  VIA RUA 2 IGREJAS'),
(798, 'BOCA DO MATO', 'T. CAMPO GRANDE VIA CAMPO VERDE'),
(800, 'T. LARANJEIRAS', 'JARDIM CAMBURI VIA T. CARAPINA'),
(801, 'T. LARANJEIRAS', 'T. CARAPINA VIA VALPARAISO'),
(802, 'DIVINÓPOLIS', 'T. LARANJEIRAS VIA CENTRO DA SERRA'),
(803, 'PITANGA', 'T. LARANJEIRAS  VIA BARCELONA'),
(804, 'CENTRO INDUSTRIAL', 'T. LARANJEIRAS'),
(805, 'T. LARANJEIRAS', 'FEU ROSA'),
(806, 'T. JACARAIPE', 'NOVA ALMEIDA VIA PARQUE GAIVOTAS'),
(807, 'BARCELONA', 'T. LARANJEIRAS'),
(808, 'T. LARANJEIRAS', 'MATA DA SERRA VIA MARINGÁ'),
(809, 'ELDORADO', 'T. LARANJEIRAS'),
(810, 'SÃO FRANCISCO', 'T. JACARAIPE VIA AV. SÃO LUCAS'),
(811, 'SERRA DOURADA III', 'T. LARANJEIRAS'),
(812, 'SERRA DOURADA II', 'T. LARANJEIRAS'),
(813, 'SERRA DOURADA I', 'T. LARANJEIRAS'),
(814, 'CASCATA', 'T. LARANJEIRAS VIA CASCATA II'),
(815, 'IFES', 'T. LARANJEIRAS'),
(816, 'T. LARANJEIRAS', 'PARQUE RESIDENCIAL TUBARÃO'),
(817, 'PRAIA DE CARAPEBUS', 'T. CARAPINA VIA ARCELOR MITTAL'),
(818, 'ENSEADA DE JACARAIPE', 'T. JACARAIPE VIA AV. GUARANI'),
(819, 'T. CARAPINA', 'CENTRAL CARAPINA'),
(820, 'T. JACARAIPE', 'T. CARAPINA VIA BICANGA'),
(821, 'JOSÉ DE ANCHIETA', 'T. CARAPINA VIA CONTAUTO'),
(822, 'T. LARANJEIRAS', 'ALTEROSAS'),
(823, 'T. JACARAIPE', 'CAPIVARI VIA JARDIM JUARA'),
(824, 'T. LARANJEIRAS', 'NOVA CARAPINA I e II'),
(825, 'T. LARANJEIRAS', 'NOVA CARAPINA I e II'),
(826, 'T. CARAPINA', 'JARDIM CARAPINA'),
(827, 'VISTA DA SERRA', 'T. CARAPINA VIA CAMPINHO DA SERRA'),
(828, 'SÃO MARCOS', 'T. LARANJEIRAS'),
(829, 'PLANALTO SERRANO', 'T. CARAPINA VIA AREA B'),
(830, 'CHÁCARA PARREIRAL', 'T LARANJEIRAS VIA PARQ. RESIDENCIAL LARANJEIRAS'),
(831, 'BICANGA', 'T. CARAPINA VIA MANGUINHOS'),
(832, 'VILA NOVA COLARES', 'T. LARANJEIRAS'),
(833, 'BARRO BRANCO', 'T. LARANJEIRAS VIA AV.BELO HORIZONTE'),
(834, 'JARDIM BELA VISTA', 'T. LARANJEIRAS VIA CENTRO SERRA'),
(835, 'T. CARAPINA', 'SERRA VIA BR 101'),
(836, 'T. CARAPINA', 'SERRA DOURADA I'),
(837, 'T. CARAPINA', 'NOVA ALMEIDA VIA JACARAIPE'),
(838, 'T. CARAPINA', 'B. CARAPEBUS'),
(839, 'EURICO SALLES', 'T. J. AMÉRICA VIA CAMBURI'),
(841, 'T. CARAPINA', 'JARDIM CARAPINA VIA BR101'),
(843, 'T. LARANJEIRAS', 'T. CARAPINA VIA JARDIM TROPICAL'),
(844, 'T. CARAPINA', 'CARAPINA VIA ANDRÉ CARLONI'),
(845, 'COSTA BELA', 'T. JACARAIPE VIA CASTELÂNDIA'),
(846, 'T. LARANJEIRAS', 'PEDRO FEU ROSA'),
(847, 'CIDADE CONTINENTAL', 'T. CARAPINA VIA ARCELOR MITTAL'),
(848, 'BALNEÁRIO DE CARAPEBUS', 'T. CARAPINA VIA OCEANIA'),
(849, 'T. LARANJEIRAS', 'LARANJEIRAS II'),
(851, 'SERRA', 'JARDIM CAMBURI  VIA BR 101'),
(853, 'RES. CENTRO DA SERRA', 'T. LARANJEIRAS VIA JARDIM GUANABARA'),
(854, 'PRAIA GRANDE', 'T. JACARAIPE VIA NOVA ALMEIDA'),
(855, 'PLANALTO SERRANO SETOR C', 'T. CARAPINA VIA SETOR A'),
(856, 'T. LARANJEIRAS', 'CIDADE POMAR VIA PORTO CANOA'),
(857, 'LARANJEIRAS VELHA', 'T. LARANJEIRAS VIA RES. VISTA DO MESTRE'),
(858, 'NOVO PORTO CANOA', 'T. LARANJEIRAS VIA SERRA DOURADA II'),
(859, 'COLINA DA SERRA', 'T. LARANJEIRAS VIA CENTRO DA SERRA'),
(860, 'T. JACARAIPE', 'T. LARANJEIRAS VIA ROD. PAULO P. GOMES'),
(862, 'MAGISTRADO', 'T. JACARAIPE  VIA  AV. MINAS GERAIS'),
(863, 'RESIDENCIAL JACARAIPE', 'T. JACARAIPE VIA CASTELÂNDIA'),
(864, 'TERMINAL LARANJEIRAS', 'CDP SERRA'),
(865, 'SANTO ANTÔNIO', 'T. LARANJEIRAS VIA VISTA DA SERRA'),
(866, 'PLANALTO SERRANO', 'T. LARANJEIRAS VIA CAMPINHO DA SERRA I'),
(867, 'NOVO HORIZONTE', 'T. CARAPINA VIA AV. BRASIL'),
(869, 'LAGOA', 'T. JACARAIPE VIA ABDO SAAD'),
(873, 'PARQUE RESIDENCIAL NOVA ALMEIDA', 'T. JACARAIPE VIA PARQUE DAS GAIVOTAS'),
(874, 'T. JACARAIPE', 'T. CARAPINA VIA PORTAL DE JACARAIPE'),
(875, 'T. JACARAIPE', 'T. LARANJEIRAS VIA AV. TALMA RODRIGUES RIBEIRO'),
(876, 'T. JACARAIPE', 'SÃO PATRÍCIO  VIA CASTELÂNDIA'),
(877, 'TAQUARA I', 'T. LARANJEIRAS'),
(878, 'T. LARANJEIRAS', 'COLINA DE LARANJEIRAS VIA CHICO CITY'),
(879, 'T. CARAPINA', 'NOVO HORIZONTE VIA SÃO DIOGO'),
(880, 'PLANALTO SERRANO', 'T. JACARAIPE VIA VISTA DA SERRA'),
(881, 'T. LARANJEIRAS', 'CIVIT II'),
(882, 'T. JACARAIPE', 'T. CARAPINA VIA BICANGA'),
(883, 'PRAIA DE CARAPEBUS', 'T. LARANJEIRAS VIA CIDADE CONTINENTAL'),
(884, 'BICANGA', 'T. LARANJEIRAS VIA BALNEÁRIO CARAPEBUS'),
(885, 'VILA NOVA DE COLARES', 'T. JACARAIPE VIA FEU ROSA'),
(886, 'T. JACARAÍPE', 'BAIRRO DIREÇÃO VIA AV. SÃO PEDRO'),
(887, 'BARRO BRANCO', 'T. LARANJEIRAS VIA RUA INTENDENTE CÂMARA'),
(890, 'MURIBECA', 'T. LARANJEIRAS VIA  BELVEDERE'),
(891, 'PUTIRI', 'T. LARANJEIRAS VIA SERRA'),
(892, 'T. LARANJEIRAS', 'PORTO DOURADO VIA PLANÍCIE DA SERRA'),
(894, 'T. LARANJEIRAS ARUABA VIA  ITAIOBAIA', 'BELVEDERE'),
(895, 'PLANALTO SERRANO', 'SERRA VIA BL. B'),
(896, 'SANTIAGO', 'T. LARANJEIRAS VIA BR 101'),
(898, 'T. LARANJEIRAS', 'JOSÉ DE ANCHIETA  VIA JARDIM TROPICAL'),
(899, 'T. CARAPINA', 'CASTELÂNDIA VIA FEU ROSA'),
(901, 'VIANA', 'T. CAMPO GRANDE'),
(902, 'ARAÇATIBA', 'T. CAMPO GRANDE'),
(903, 'PIAPTANGUI', 'T. CAMPO GRANDE VIA VIANA'),
(904, 'CASA DE CUSTÓDIA', 'T. CAMPO GRANDE VIA PSME II'),
(905, 'BOM PASTOR', 'T. CAMPO GRANDE VIA VILA NOVA'),
(906, 'T. CAMPO GRANDE', 'SOTECO VIA VALE DO SOL'),
(907, 'NOVA BETHÂNIA', 'T. CAMPO GRANDE VIA ROD. CENTRO SUL'),
(908, 'AREINHA', 'T. CAMPO GRANDE'),
(909, 'MORADA DE BETHÂNIA', 'T. CAMPO GRANDE'),
(910, 'UNIVERSAL', 'T. CAMPO GRANDE'),
(911, 'CANAÃ', 'T. CAMPO GRANDE VIA PRIMAVERA'),
(912, 'MARCÍLIO DE NORONHA', 'T. CAMPO GRANDE'),
(913, 'BAIRRO INDUSTRIAL', 'T. CAMPO GRANDE'),
(914, 'T. CAMPO GRANDE', 'VILA BETHÂNIA VIA VILA RICA'),
(915, 'JUCU', 'T. CAMPO GRANDE VIA NOVA BELÉM'),
(916, 'T. CAMPO GRANDE', 'ARLINDO VILASCHI'),
(917, 'T. CAMPO GRANDE', 'AREINHA VIA CAXIAS DO SUL'),
(918, 'CDP VILA VELHA', 'T. CAMPO GRANDE VIA BR 101'),
(919, 'NOVA BETHANIA', 'T. CAMPO GRANDE VIA ROD. CENTRO'),
(920, 'SANTA RITA', 'T. CAMPO GRANDE VIA SANTA CLARA'),
(921, 'UNIVERSAL', 'T. CAMPO GRANDE VIA 13 DE MAIO'),
(922, 'BAIRRO INDUSTRIAL', 'T. CAMPO GRANDE VIA BAIRRO OPERÁRIO'),
(923, 'NOVA BETHÂNIA', 'T. CAMPO GRANDE VIA VILA BETHÂNIA'),
(927, 'T. SÃO TORQUATO', 'VIANA VIA VILA BETHÂNIA'),
(982, 'BAIRRO INDUSTRIAL', 'VIANA VIA BAIRRO PRIMAVERA'),
(983, 'BAIRRO IPANEMA', 'VIANA VIA BAIRRO UNIVERSAL'),
(984, 'SOTECO', 'VIANA VIA AREINHA'),
(985, 'NOVA BETHÂNIA', 'VIANA  VIA VILA BETHÂNIA'),
(986, 'B. IPANEMA', 'AREINHA VIA UNIVERSAL');

INSERT INTO LOCAL_BUS(COD_COLETIVO, COORDENADAS) VALUES
((SELECT cod_coletivo FROM coletivo ORDER BY random() LIMIT 1), '-20.35651217,-40.3324122'),
((SELECT cod_coletivo FROM coletivo ORDER BY random() LIMIT 1), '-20.33896919,-40.26716921'),
((SELECT cod_coletivo FROM coletivo ORDER BY random() LIMIT 1), '-20.23996387,-40.24527187'),
((SELECT cod_coletivo FROM coletivo ORDER BY random() LIMIT 1), '-20.29828129,-40.34781377'),
((SELECT cod_coletivo FROM coletivo ORDER BY random() LIMIT 1), '-20.27445372,-40.37337079'),
((SELECT cod_coletivo FROM coletivo ORDER BY random() LIMIT 1), '-20.35137416,-40.32905997'),
((SELECT cod_coletivo FROM coletivo ORDER BY random() LIMIT 1), '-20.32578447,-40.21919674'),
((SELECT cod_coletivo FROM coletivo ORDER BY random() LIMIT 1), '-20.30528334,-40.25771012'),
((SELECT cod_coletivo FROM coletivo ORDER BY random() LIMIT 1), '-20.34363613,-40.24471284'),
((SELECT cod_coletivo FROM coletivo ORDER BY random() LIMIT 1), '-20.3180307,-40.38583988'),
((SELECT cod_coletivo FROM coletivo ORDER BY random() LIMIT 1), '-20.26918204,-40.36494823'),
((SELECT cod_coletivo FROM coletivo ORDER BY random() LIMIT 1), '-20.22804654,-40.28723697'),
((SELECT cod_coletivo FROM coletivo ORDER BY random() LIMIT 1), '-20.30473262,-40.36837818'),
((SELECT cod_coletivo FROM coletivo ORDER BY random() LIMIT 1), '-20.30037219,-40.27339171'),
((SELECT cod_coletivo FROM coletivo ORDER BY random() LIMIT 1), '-20.30563298,-40.3005452'),
((SELECT cod_coletivo FROM coletivo ORDER BY random() LIMIT 1), '-20.26104425,-40.26126402'),
((SELECT cod_coletivo FROM coletivo ORDER BY random() LIMIT 1), '-20.33618592,-40.28925724'),
((SELECT cod_coletivo FROM coletivo ORDER BY random() LIMIT 1), '-20.30469731,-40.30887536'),
((SELECT cod_coletivo FROM coletivo ORDER BY random() LIMIT 1), '-20.33630976,-40.29898042'),
((SELECT cod_coletivo FROM coletivo ORDER BY random() LIMIT 1), '-20.29676316,-40.36620479'),
((SELECT cod_coletivo FROM coletivo ORDER BY random() LIMIT 1), '-20.33799703,-40.33190366'),
((SELECT cod_coletivo FROM coletivo ORDER BY random() LIMIT 1), '-20.28238529,-40.27073905'),
((SELECT cod_coletivo FROM coletivo ORDER BY random() LIMIT 1), '-20.29410361,-40.29149673'),
((SELECT cod_coletivo FROM coletivo ORDER BY random() LIMIT 1), '-20.21979621,-40.28516936'),
((SELECT cod_coletivo FROM coletivo ORDER BY random() LIMIT 1), '-20.35424598,-40.31968373'),
((SELECT cod_coletivo FROM coletivo ORDER BY random() LIMIT 1), '-20.30035099,-40.33494033'),
((SELECT cod_coletivo FROM coletivo ORDER BY random() LIMIT 1), '-20.24085259,-40.33334385'),
((SELECT cod_coletivo FROM coletivo ORDER BY random() LIMIT 1), '-20.35574109,-40.27729413'),
((SELECT cod_coletivo FROM coletivo ORDER BY random() LIMIT 1), '-20.2419611,-40.30122063'),
((SELECT cod_coletivo FROM coletivo ORDER BY random() LIMIT 1), '-20.26923392,-40.29068771'),
((SELECT cod_coletivo FROM coletivo ORDER BY random() LIMIT 1), '-20.32175922,-40.33398477'),
((SELECT cod_coletivo FROM coletivo ORDER BY random() LIMIT 1), '-20.22113283,-40.32177165'),
((SELECT cod_coletivo FROM coletivo ORDER BY random() LIMIT 1), '-20.27742784,-40.20577178'),
((SELECT cod_coletivo FROM coletivo ORDER BY random() LIMIT 1), '-20.35911671,-40.23405528'),
((SELECT cod_coletivo FROM coletivo ORDER BY random() LIMIT 1), '-20.34533984,-40.2899312'),
((SELECT cod_coletivo FROM coletivo ORDER BY random() LIMIT 1), '-20.30275083,-40.37247661'),
((SELECT cod_coletivo FROM coletivo ORDER BY random() LIMIT 1), '-20.30826837,-40.36525545'),
((SELECT cod_coletivo FROM coletivo ORDER BY random() LIMIT 1), '-20.31856484,-40.38821401'),
((SELECT cod_coletivo FROM coletivo ORDER BY random() LIMIT 1), '-20.25657291,-40.21328148'),
((SELECT cod_coletivo FROM coletivo ORDER BY random() LIMIT 1), '-20.24608872,-40.28184218'),
((SELECT cod_coletivo FROM coletivo ORDER BY random() LIMIT 1), '-20.34618349,-40.30911508'),
((SELECT cod_coletivo FROM coletivo ORDER BY random() LIMIT 1), '-20.24949587,-40.29319185'),
((SELECT cod_coletivo FROM coletivo ORDER BY random() LIMIT 1), '-20.29648322,-40.37102268'),
((SELECT cod_coletivo FROM coletivo ORDER BY random() LIMIT 1), '-20.31036565,-40.20662891'),
((SELECT cod_coletivo FROM coletivo ORDER BY random() LIMIT 1), '-20.37734131,-40.32371489'),
((SELECT cod_coletivo FROM coletivo ORDER BY random() LIMIT 1), '-20.38023231,-40.2779064'),
((SELECT cod_coletivo FROM coletivo ORDER BY random() LIMIT 1), '-20.29476999,-40.3819679'),
((SELECT cod_coletivo FROM coletivo ORDER BY random() LIMIT 1), '-20.31210927,-40.24857398'),
((SELECT cod_coletivo FROM coletivo ORDER BY random() LIMIT 1), '-20.24222346,-40.24731871'),
((SELECT cod_coletivo FROM coletivo ORDER BY random() LIMIT 1), '-20.27815116,-40.37370945'),
((SELECT cod_coletivo FROM coletivo ORDER BY random() LIMIT 1), '-20.27569061,-40.23430108'),
((SELECT cod_coletivo FROM coletivo ORDER BY random() LIMIT 1), '-20.32853291,-40.26971332'),
((SELECT cod_coletivo FROM coletivo ORDER BY random() LIMIT 1), '-20.29802437,-40.35601343'),
((SELECT cod_coletivo FROM coletivo ORDER BY random() LIMIT 1), '-20.25898199,-40.3359617'),
((SELECT cod_coletivo FROM coletivo ORDER BY random() LIMIT 1), '-20.30907394,-40.32685438'),
((SELECT cod_coletivo FROM coletivo ORDER BY random() LIMIT 1), '-20.28227676,-40.29791669'),
((SELECT cod_coletivo FROM coletivo ORDER BY random() LIMIT 1), '-20.27466498,-40.34432125'),
((SELECT cod_coletivo FROM coletivo ORDER BY random() LIMIT 1), '-20.30816678,-40.26596883'),
((SELECT cod_coletivo FROM coletivo ORDER BY random() LIMIT 1), '-20.30722395,-40.23694826'),
((SELECT cod_coletivo FROM coletivo ORDER BY random() LIMIT 1), '-20.24424364,-40.2934197'),
((SELECT cod_coletivo FROM coletivo ORDER BY random() LIMIT 1), '-20.35168882,-40.26407544'),
((SELECT cod_coletivo FROM coletivo ORDER BY random() LIMIT 1), '-20.32332297,-40.35771929'),
((SELECT cod_coletivo FROM coletivo ORDER BY random() LIMIT 1), '-20.24652004,-40.37359094'),
((SELECT cod_coletivo FROM coletivo ORDER BY random() LIMIT 1), '-20.34177401,-40.24814842'),
((SELECT cod_coletivo FROM coletivo ORDER BY random() LIMIT 1), '-20.32908024,-40.27117394'),
((SELECT cod_coletivo FROM coletivo ORDER BY random() LIMIT 1), '-20.36497882,-40.26642778'),
((SELECT cod_coletivo FROM coletivo ORDER BY random() LIMIT 1), '-20.23722397,-40.24066092'),
((SELECT cod_coletivo FROM coletivo ORDER BY random() LIMIT 1), '-20.36507726,-40.23435276'),
((SELECT cod_coletivo FROM coletivo ORDER BY random() LIMIT 1), '-20.26306216,-40.28124015'),
((SELECT cod_coletivo FROM coletivo ORDER BY random() LIMIT 1), '-20.28531981,-40.27443274'),
((SELECT cod_coletivo FROM coletivo ORDER BY random() LIMIT 1), '-20.33098495,-40.29526912'),
((SELECT cod_coletivo FROM coletivo ORDER BY random() LIMIT 1), '-20.3775868,-40.31446094'),
((SELECT cod_coletivo FROM coletivo ORDER BY random() LIMIT 1), '-20.30964317,-40.31632584'),
((SELECT cod_coletivo FROM coletivo ORDER BY random() LIMIT 1), '-20.29980438,-40.2237569'),
((SELECT cod_coletivo FROM coletivo ORDER BY random() LIMIT 1), '-20.22501353,-40.26077427');

INSERT INTO PGT_PASSAGEM (cod_pessoa, cod_localizacao, saldo_anterior, data) VALUES 
((SELECT cod_pessoa FROM PESSOA ORDER BY random() LIMIT 1), (SELECT cod_localizacao FROM LOCAL_BUS ORDER BY random() LIMIT 1), 45.77, Now()),
((SELECT cod_pessoa FROM PESSOA ORDER BY random() LIMIT 1), (SELECT cod_localizacao FROM LOCAL_BUS ORDER BY random() LIMIT 1), 164.52, Now()),
((SELECT cod_pessoa FROM PESSOA ORDER BY random() LIMIT 1), (SELECT cod_localizacao FROM LOCAL_BUS ORDER BY random() LIMIT 1), 128.10, Now()),
((SELECT cod_pessoa FROM PESSOA ORDER BY random() LIMIT 1), (SELECT cod_localizacao FROM LOCAL_BUS ORDER BY random() LIMIT 1), 58.41, Now()),
((SELECT cod_pessoa FROM PESSOA ORDER BY random() LIMIT 1), (SELECT cod_localizacao FROM LOCAL_BUS ORDER BY random() LIMIT 1), 283.13, Now()),
((SELECT cod_pessoa FROM PESSOA ORDER BY random() LIMIT 1), (SELECT cod_localizacao FROM LOCAL_BUS ORDER BY random() LIMIT 1), 104.09, Now()),
((SELECT cod_pessoa FROM PESSOA ORDER BY random() LIMIT 1), (SELECT cod_localizacao FROM LOCAL_BUS ORDER BY random() LIMIT 1), 22.73, Now()),
((SELECT cod_pessoa FROM PESSOA ORDER BY random() LIMIT 1), (SELECT cod_localizacao FROM LOCAL_BUS ORDER BY random() LIMIT 1), -0.65, Now()),
((SELECT cod_pessoa FROM PESSOA ORDER BY random() LIMIT 1), (SELECT cod_localizacao FROM LOCAL_BUS ORDER BY random() LIMIT 1), 283.36, Now()),
((SELECT cod_pessoa FROM PESSOA ORDER BY random() LIMIT 1), (SELECT cod_localizacao FROM LOCAL_BUS ORDER BY random() LIMIT 1), 157.27, Now()),
((SELECT cod_pessoa FROM PESSOA ORDER BY random() LIMIT 1), (SELECT cod_localizacao FROM LOCAL_BUS ORDER BY random() LIMIT 1), 136.65, Now()),
((SELECT cod_pessoa FROM PESSOA ORDER BY random() LIMIT 1), (SELECT cod_localizacao FROM LOCAL_BUS ORDER BY random() LIMIT 1), 208.87, Now()),
((SELECT cod_pessoa FROM PESSOA ORDER BY random() LIMIT 1), (SELECT cod_localizacao FROM LOCAL_BUS ORDER BY random() LIMIT 1), 142.01, Now()),
((SELECT cod_pessoa FROM PESSOA ORDER BY random() LIMIT 1), (SELECT cod_localizacao FROM LOCAL_BUS ORDER BY random() LIMIT 1), 275.75, Now()),
((SELECT cod_pessoa FROM PESSOA ORDER BY random() LIMIT 1), (SELECT cod_localizacao FROM LOCAL_BUS ORDER BY random() LIMIT 1), 17.62, Now()),
((SELECT cod_pessoa FROM PESSOA ORDER BY random() LIMIT 1), (SELECT cod_localizacao FROM LOCAL_BUS ORDER BY random() LIMIT 1), 45.12, Now()),
((SELECT cod_pessoa FROM PESSOA ORDER BY random() LIMIT 1), (SELECT cod_localizacao FROM LOCAL_BUS ORDER BY random() LIMIT 1), 255.90, Now()),
((SELECT cod_pessoa FROM PESSOA ORDER BY random() LIMIT 1), (SELECT cod_localizacao FROM LOCAL_BUS ORDER BY random() LIMIT 1), 218.95, Now()),
((SELECT cod_pessoa FROM PESSOA ORDER BY random() LIMIT 1), (SELECT cod_localizacao FROM LOCAL_BUS ORDER BY random() LIMIT 1), 63.84, Now()),
((SELECT cod_pessoa FROM PESSOA ORDER BY random() LIMIT 1), (SELECT cod_localizacao FROM LOCAL_BUS ORDER BY random() LIMIT 1), 196.63, Now()),
((SELECT cod_pessoa FROM PESSOA ORDER BY random() LIMIT 1), (SELECT cod_localizacao FROM LOCAL_BUS ORDER BY random() LIMIT 1), 218.42, Now()),
((SELECT cod_pessoa FROM PESSOA ORDER BY random() LIMIT 1), (SELECT cod_localizacao FROM LOCAL_BUS ORDER BY random() LIMIT 1), 242.79, Now()),
((SELECT cod_pessoa FROM PESSOA ORDER BY random() LIMIT 1), (SELECT cod_localizacao FROM LOCAL_BUS ORDER BY random() LIMIT 1), 31.29, Now()),
((SELECT cod_pessoa FROM PESSOA ORDER BY random() LIMIT 1), (SELECT cod_localizacao FROM LOCAL_BUS ORDER BY random() LIMIT 1), 2.96, Now()),
((SELECT cod_pessoa FROM PESSOA ORDER BY random() LIMIT 1), (SELECT cod_localizacao FROM LOCAL_BUS ORDER BY random() LIMIT 1), 218.50, Now()),
((SELECT cod_pessoa FROM PESSOA ORDER BY random() LIMIT 1), (SELECT cod_localizacao FROM LOCAL_BUS ORDER BY random() LIMIT 1), 209.57, Now()),
((SELECT cod_pessoa FROM PESSOA ORDER BY random() LIMIT 1), (SELECT cod_localizacao FROM LOCAL_BUS ORDER BY random() LIMIT 1), 146.23, Now()),
((SELECT cod_pessoa FROM PESSOA ORDER BY random() LIMIT 1), (SELECT cod_localizacao FROM LOCAL_BUS ORDER BY random() LIMIT 1), 157.61, Now()),
((SELECT cod_pessoa FROM PESSOA ORDER BY random() LIMIT 1), (SELECT cod_localizacao FROM LOCAL_BUS ORDER BY random() LIMIT 1), 262.82, Now()),
((SELECT cod_pessoa FROM PESSOA ORDER BY random() LIMIT 1), (SELECT cod_localizacao FROM LOCAL_BUS ORDER BY random() LIMIT 1), 70.33, Now()),
((SELECT cod_pessoa FROM PESSOA ORDER BY random() LIMIT 1), (SELECT cod_localizacao FROM LOCAL_BUS ORDER BY random() LIMIT 1), 234.21, Now()),
((SELECT cod_pessoa FROM PESSOA ORDER BY random() LIMIT 1), (SELECT cod_localizacao FROM LOCAL_BUS ORDER BY random() LIMIT 1), 196.91, Now()),
((SELECT cod_pessoa FROM PESSOA ORDER BY random() LIMIT 1), (SELECT cod_localizacao FROM LOCAL_BUS ORDER BY random() LIMIT 1), 202.62, Now()),
((SELECT cod_pessoa FROM PESSOA ORDER BY random() LIMIT 1), (SELECT cod_localizacao FROM LOCAL_BUS ORDER BY random() LIMIT 1), 192.75, Now()),
((SELECT cod_pessoa FROM PESSOA ORDER BY random() LIMIT 1), (SELECT cod_localizacao FROM LOCAL_BUS ORDER BY random() LIMIT 1), 204.84, Now()),
((SELECT cod_pessoa FROM PESSOA ORDER BY random() LIMIT 1), (SELECT cod_localizacao FROM LOCAL_BUS ORDER BY random() LIMIT 1), 191.89, Now()),
((SELECT cod_pessoa FROM PESSOA ORDER BY random() LIMIT 1), (SELECT cod_localizacao FROM LOCAL_BUS ORDER BY random() LIMIT 1), 19.64, Now()),
((SELECT cod_pessoa FROM PESSOA ORDER BY random() LIMIT 1), (SELECT cod_localizacao FROM LOCAL_BUS ORDER BY random() LIMIT 1), 120.56, Now()),
((SELECT cod_pessoa FROM PESSOA ORDER BY random() LIMIT 1), (SELECT cod_localizacao FROM LOCAL_BUS ORDER BY random() LIMIT 1), 186.06, Now()),
((SELECT cod_pessoa FROM PESSOA ORDER BY random() LIMIT 1), (SELECT cod_localizacao FROM LOCAL_BUS ORDER BY random() LIMIT 1), 78.31, Now()),
((SELECT cod_pessoa FROM PESSOA ORDER BY random() LIMIT 1), (SELECT cod_localizacao FROM LOCAL_BUS ORDER BY random() LIMIT 1), 217.93, Now()),
((SELECT cod_pessoa FROM PESSOA ORDER BY random() LIMIT 1), (SELECT cod_localizacao FROM LOCAL_BUS ORDER BY random() LIMIT 1), 125.85, Now()),
((SELECT cod_pessoa FROM PESSOA ORDER BY random() LIMIT 1), (SELECT cod_localizacao FROM LOCAL_BUS ORDER BY random() LIMIT 1), 160.80, Now()),
((SELECT cod_pessoa FROM PESSOA ORDER BY random() LIMIT 1), (SELECT cod_localizacao FROM LOCAL_BUS ORDER BY random() LIMIT 1), 169.38, Now()),
((SELECT cod_pessoa FROM PESSOA ORDER BY random() LIMIT 1), (SELECT cod_localizacao FROM LOCAL_BUS ORDER BY random() LIMIT 1), 108.67, Now()),
((SELECT cod_pessoa FROM PESSOA ORDER BY random() LIMIT 1), (SELECT cod_localizacao FROM LOCAL_BUS ORDER BY random() LIMIT 1), 67.82, Now()),
((SELECT cod_pessoa FROM PESSOA ORDER BY random() LIMIT 1), (SELECT cod_localizacao FROM LOCAL_BUS ORDER BY random() LIMIT 1), 278.22, Now()),
((SELECT cod_pessoa FROM PESSOA ORDER BY random() LIMIT 1), (SELECT cod_localizacao FROM LOCAL_BUS ORDER BY random() LIMIT 1), 89.86, Now()),
((SELECT cod_pessoa FROM PESSOA ORDER BY random() LIMIT 1), (SELECT cod_localizacao FROM LOCAL_BUS ORDER BY random() LIMIT 1), 285.14, Now()),
((SELECT cod_pessoa FROM PESSOA ORDER BY random() LIMIT 1), (SELECT cod_localizacao FROM LOCAL_BUS ORDER BY random() LIMIT 1), 58.97, Now()),
((SELECT cod_pessoa FROM PESSOA ORDER BY random() LIMIT 1), (SELECT cod_localizacao FROM LOCAL_BUS ORDER BY random() LIMIT 1), 27.85, Now()),
((SELECT cod_pessoa FROM PESSOA ORDER BY random() LIMIT 1), (SELECT cod_localizacao FROM LOCAL_BUS ORDER BY random() LIMIT 1), 75.48, Now()),
((SELECT cod_pessoa FROM PESSOA ORDER BY random() LIMIT 1), (SELECT cod_localizacao FROM LOCAL_BUS ORDER BY random() LIMIT 1), 42.52, Now()),
((SELECT cod_pessoa FROM PESSOA ORDER BY random() LIMIT 1), (SELECT cod_localizacao FROM LOCAL_BUS ORDER BY random() LIMIT 1), 25.62, Now()),
((SELECT cod_pessoa FROM PESSOA ORDER BY random() LIMIT 1), (SELECT cod_localizacao FROM LOCAL_BUS ORDER BY random() LIMIT 1), 13.44, Now()),
((SELECT cod_pessoa FROM PESSOA ORDER BY random() LIMIT 1), (SELECT cod_localizacao FROM LOCAL_BUS ORDER BY random() LIMIT 1), 249.97, Now()),
((SELECT cod_pessoa FROM PESSOA ORDER BY random() LIMIT 1), (SELECT cod_localizacao FROM LOCAL_BUS ORDER BY random() LIMIT 1), 69.17, Now()),
((SELECT cod_pessoa FROM PESSOA ORDER BY random() LIMIT 1), (SELECT cod_localizacao FROM LOCAL_BUS ORDER BY random() LIMIT 1), 101.25, Now()),
((SELECT cod_pessoa FROM PESSOA ORDER BY random() LIMIT 1), (SELECT cod_localizacao FROM LOCAL_BUS ORDER BY random() LIMIT 1), 142.26, Now()),
((SELECT cod_pessoa FROM PESSOA ORDER BY random() LIMIT 1), (SELECT cod_localizacao FROM LOCAL_BUS ORDER BY random() LIMIT 1), 173.13, Now()),
((SELECT cod_pessoa FROM PESSOA ORDER BY random() LIMIT 1), (SELECT cod_localizacao FROM LOCAL_BUS ORDER BY random() LIMIT 1), 120.56, Now()),
((SELECT cod_pessoa FROM PESSOA ORDER BY random() LIMIT 1), (SELECT cod_localizacao FROM LOCAL_BUS ORDER BY random() LIMIT 1), 293.27, Now()),
((SELECT cod_pessoa FROM PESSOA ORDER BY random() LIMIT 1), (SELECT cod_localizacao FROM LOCAL_BUS ORDER BY random() LIMIT 1), 224.12, Now()),
((SELECT cod_pessoa FROM PESSOA ORDER BY random() LIMIT 1), (SELECT cod_localizacao FROM LOCAL_BUS ORDER BY random() LIMIT 1), 117.68, Now()),
((SELECT cod_pessoa FROM PESSOA ORDER BY random() LIMIT 1), (SELECT cod_localizacao FROM LOCAL_BUS ORDER BY random() LIMIT 1), 60.02, Now()),
((SELECT cod_pessoa FROM PESSOA ORDER BY random() LIMIT 1), (SELECT cod_localizacao FROM LOCAL_BUS ORDER BY random() LIMIT 1), 2.93, Now()),
((SELECT cod_pessoa FROM PESSOA ORDER BY random() LIMIT 1), (SELECT cod_localizacao FROM LOCAL_BUS ORDER BY random() LIMIT 1), 275.56, Now()),
((SELECT cod_pessoa FROM PESSOA ORDER BY random() LIMIT 1), (SELECT cod_localizacao FROM LOCAL_BUS ORDER BY random() LIMIT 1), 212.84, Now()),
((SELECT cod_pessoa FROM PESSOA ORDER BY random() LIMIT 1), (SELECT cod_localizacao FROM LOCAL_BUS ORDER BY random() LIMIT 1), 126.89, Now()),
((SELECT cod_pessoa FROM PESSOA ORDER BY random() LIMIT 1), (SELECT cod_localizacao FROM LOCAL_BUS ORDER BY random() LIMIT 1), 209.62, Now()),
((SELECT cod_pessoa FROM PESSOA ORDER BY random() LIMIT 1), (SELECT cod_localizacao FROM LOCAL_BUS ORDER BY random() LIMIT 1), 23.69, Now()),
((SELECT cod_pessoa FROM PESSOA ORDER BY random() LIMIT 1), (SELECT cod_localizacao FROM LOCAL_BUS ORDER BY random() LIMIT 1), 283.89, Now()),
((SELECT cod_pessoa FROM PESSOA ORDER BY random() LIMIT 1), (SELECT cod_localizacao FROM LOCAL_BUS ORDER BY random() LIMIT 1), 249.92, Now());

CREATE TABLE BACKPESSOA AS SELECT * FROM PESSOA;
CREATE TABLE BACKCOLETIVO AS SELECT * FROM COLETIVO;
CREATE TABLE BACKMODALIDADE AS SELECT * FROM MODALIDADE;
CREATE TABLE BACKHISTORICO_SALDO AS SELECT * FROM HISTORICO_SALDO;
CREATE TABLE BACKPGT_PASSAGEM AS SELECT * FROM PGT_PASSAGEM;
CREATE TABLE BACKLOCAL_BUS AS SELECT * FROM LOCAL_BUS;
CREATE TABLE BACKBANDEIRA AS SELECT * FROM BANDEIRA;
CREATE TABLE BACKCARTAO AS SELECT * FROM CARTAO;
